id,parentId,GroupId,size,ImagePath,UniqueId,ShowPriority
root,
Group1,root,1,,,,High
Group2,root,2,,,,,Medium
Group3,root,3,,,,,Medium
Group4,root,4,,,,,Low
Group5,root,5,,,,,Medium
Group6,root,6,,,,,Low
Will Ferrell,Group1,1,10,image/WillFerrell.jpg,1,High
Julia Roberts,Group1,1,10,image/JuliaRoberts.jpg,2,Low
Kate Winslet,Group1,1,10,image/KateWinslet.jpg,3,Medium
Brad Pitt,Group2,2,10,image/BradPitt.png.jpg,4,High
Dwayne Johnson,Group2,2,10,image/DwayneJohnson,5,Medium
Leonardo Di Caprio,Group3,3,10,image/LeonardoDiCaprio,6,Medium
Matt Damon,Group4,4,10,image/MattDamon.jpg,7,Low
Emma Watson,Group4,4,10,image/EmmaWatson,8,Medium
Tom Cruise,Group5,5,10,image/TomCruise.jpg,9,Medium
Will Smith,Group5,5,10,image/WillSmith.jpg,10,High
Mark Wahlberg,Group6,6,10,image/MarkWahlberg.jpg,11,Low
Morgan Freeman,Group6,6,10,image/MorganFreeman.jpg,12,High
Rowan Atkinson,Group4,6,10,image/RowanAtkinson.jpg,13,Medium
Vin Diesel,Group6,6,10,image/VinDiesel.jpg,14,Low
